Rank,Name,Net Worth,Change,Age,Country/Territory,Source,Industry,Net Worth Num
1,Bernard Arnault & family,$211 B,up arrow,74.0,France,LVMH,Fashion & Retail,211.0
2,Elon Musk,$180 B,down arrow,51.0,United States,"Tesla, SpaceX",Automotive,180.0
3,Jeff Bezos,$114 B,down arrow,59.0,United States,Amazon,Technology,114.0
4,Larry Ellison,$107 B,up arrow,78.0,United States,Oracle,Technology,107.0
5,Warren Buffett,$106 B,down arrow,92.0,United States,Berkshire Hathaway,Finance & Investments,106.0
6,Bill Gates,$104 B,down arrow,67.0,United States,Microsoft,Technology,104.0
7,Michael Bloomberg,$94.5 B,up arrow,81.0,United States,Bloomberg LP,Media & Entertainment,94.5
8,Carlos Slim Helu & family,$93 B,up arrow,83.0,Mexico,Telecom,Telecom,93.0
9,Mukesh Ambani,$83.4 B,down arrow,65.0,India,Diversified,Diversified,83.4
10,Steve Ballmer,$80.7 B,down arrow,67.0,United States,Microsoft,Technology,80.7
11,Francoise Bettencourt Meyers & family,$80.5 B,up arrow,69.0,France,L'Oréal,Fashion & Retail,80.5
12,Larry Page,$79.2 B,down arrow,50.0,United States,Google,Technology,79.2
13,Amancio Ortega,$77.3 B,up arrow,87.0,Spain,Zara,Fashion & Retail,77.3
14,Sergey Brin,$76 B,down arrow,49.0,United States,Google,Technology,76.0
15,Zhong Shanshan,$68 B,up arrow,68.0,China,"Beverages, pharmaceuticals",Food & Beverage,68.0
16,Mark Zuckerberg,$64.4 B,down arrow,38.0,United States,Facebook,Technology,64.4
17,Charles Koch & family,$59 B,down arrow,87.0,United States,Koch Industries,Diversified,59.0
17,Julia Koch & family,$59 B,down arrow,60.0,United States,Koch Industries,Diversified,59.0
19,Jim Walton,$58.8 B,down arrow,74.0,United States,Walmart,Fashion & Retail,58.8
20,Rob Walton & family,$57.6 B,down arrow,78.0,United States,Walmart,Fashion & Retail,57.6
21,Alice Walton,$56.7 B,down arrow,73.0,United States,Walmart,Fashion & Retail,56.7
22,David Thomson & family,$54.4 B,up arrow,65.0,Canada,Media,Media & Entertainment,54.4
23,Michael Dell,$50.1 B,down arrow,58.0,United States,Dell Technologies,Technology,50.1
24,Gautam Adani,$47.2 B,down arrow,60.0,India,"Infrastructure, commodities",Diversified,47.2
25,Phil Knight & family,$45.1 B,down arrow,85.0,United States,Nike,Fashion & Retail,45.1
26,Zhang Yiming,$45 B,down arrow,39.0,China,TikTok,Technology,45.0
27,Dieter Schwarz,$42.9 B,down arrow,83.0,Germany,Retail,Fashion & Retail,42.9
28,François Pinault & family,$40.1 B,down arrow,86.0,France,Luxury goods,Fashion & Retail,40.1
29,Klaus-Michael Kuehne,$39.1 B,up arrow,85.0,Germany,Shipping,Logistics,39.1
30,Giovanni Ferrero,$38.9 B,up arrow,58.0,Italy,"Nutella, chocolates",Food & Beverage,38.9
31,Jacqueline Mars,$38.3 B,up arrow,83.0,United States,"Candy, pet food",Food & Beverage,38.3
31,John Mars,$38.3 B,up arrow,87.0,United States,"Candy, pet food",Food & Beverage,38.3
33,Li Ka-shing,$38 B,up arrow,94.0,Hong Kong,Diversified,Diversified,38.0
34,Ma Huateng,$35.3 B,down arrow,51.0,China,Internet media,Technology,35.3
35,Miriam Adelson & family,$35 B,up arrow,77.0,United States,Casinos,Gambling & Casinos,35.0
35,Ken Griffin,$35 B,up arrow,54.0,United States,Hedge funds,Finance & Investments,35.0
37,Mark Mateschitz,$34.7 B,new to list,30.0,Austria,Red Bull,Food & Beverage,34.7
38,Robin Zeng,$33.4 B,down arrow,54.0,Hong Kong,Batteries,Automotive,33.4
39,Tadashi Yanai & family,$32.6 B,up arrow,74.0,Japan,Fashion retail,Fashion & Retail,32.6
40,Len Blavatnik,$32.1 B,down arrow,65.0,United States,"Music, chemicals",Diversified,32.1
41,Alain Wertheimer,$31.6 B,up arrow,74.0,France,Chanel,Fashion & Retail,31.6
41,Gerard Wertheimer,$31.6 B,up arrow,72.0,France,Chanel,Fashion & Retail,31.6
43,Gianluigi Aponte,$31.2 B,,82.0,Switzerland,Shipping,Logistics,31.2
43,Rafaela Aponte-Diamant,$31.2 B,,78.0,Switzerland,Shipping,Logistics,31.2
45,Colin Huang,$30.2 B,up arrow,43.0,China,E-commerce,Technology,30.2
46,Reinhold Wuerth & family,$29.7 B,up arrow,87.0,Germany,Fasteners,Manufacturing,29.7
47,Lee Shau Kee,$29.5 B,down arrow,95.0,Hong Kong,Real estate,Real Estate,29.5
48,Jeff Yass,$28.5 B,up arrow,64.0,United States,"Trading, investments",Finance & Investments,28.5
49,Jim Simons,$28.1 B,down arrow,84.0,United States,Hedge funds,Finance & Investments,28.1
50,Stephen Schwarzman,$27.8 B,down arrow,76.0,United States,Investments,Finance & Investments,27.8
51,Susanne Klatten,$27.4 B,up arrow,60.0,Germany,"BMW, pharmaceuticals",Automotive,27.4
52,Gina Rinehart,$27 B,down arrow,69.0,Australia,Mining,Metals & Mining,27.0
53,William Ding,$26.7 B,up arrow,51.0,China,Online games,Technology,26.7
54,Germán Larrea Mota Velasco & family,$26.6 B,down arrow,69.0,Mexico,Mining,Metals & Mining,26.6
55,Shiv Nadar,$25.6 B,down arrow,77.0,India,software services,Technology,25.6
56,Low Tuck Kwong,$25.5 B,up arrow,74.0,Indonesia,Coal,Energy,25.5
57,Thomas Peterffy,$25.3 B,up arrow,78.0,United States,Discount brokerage,Finance & Investments,25.3
58,Andrey Melnichenko & family,$25.2 B,up arrow,51.0,Russia,"Fertilizers, coal",Metals & Mining,25.2
59,Stefan Quandt,$24.6 B,up arrow,56.0,Germany,BMW,Automotive,24.6
60,MacKenzie Scott,$24.4 B,down arrow,52.0,United States,Amazon,Technology,24.4
61,R. Budi Hartono,$24.2 B,up arrow,82.0,Indonesia,"Banking, tobacco",Finance & Investments,24.2
62,Vladimir Potanin,$23.7 B,up arrow,62.0,Russia,Metals,Metals & Mining,23.7
63,Jack Ma,$23.5 B,up arrow,58.0,China,E-commerce,Technology,23.5
64,He Xiangjian & family,$23.4 B,down arrow,80.0,China,Home appliances,Manufacturing,23.4
65,Iris Fontbona & family,$23.1 B,up arrow,80.0,Chile,Mining,Metals & Mining,23.1
65,Michael Hartono,$23.1 B,up arrow,83.0,Indonesia,"Banking, tobacco",Manufacturing,23.1
67,James Ratcliffe,$22.9 B,up arrow,70.0,United Kingdom,Chemicals,Manufacturing,22.9
68,Cyrus Poonawalla,$22.6 B,down arrow,81.0,India,Vaccines,Healthcare,22.6
69,Masayoshi Son,$22.4 B,up arrow,65.0,Japan,"Internet, telecom",Telecom,22.4
70,Vladimir Lisin,$22.1 B,up arrow,66.0,Russia,"Steel, transport",Metals & Mining,22.1
71,Emmanuel Besnier,$22 B,down arrow,52.0,France,Cheese,Food & Beverage,22.0
72,Abigail Johnson,$21.6 B,up arrow,61.0,United States,Fidelity,Finance & Investments,21.6
72,Leonid Mikhelson & family,$21.6 B,up arrow,67.0,Russia,"Gas, chemicals",Energy,21.6
74,Lukas Walton,$21.2 B,up arrow,36.0,United States,Walmart,Fashion & Retail,21.2
74,Wang Wei,$21.2 B,down arrow,52.0,China,Package delivery,Service,21.2
76,Jensen Huang,$21.1 B,up arrow,60.0,United States,Semiconductors,Technology,21.1
77,Leonard Lauder,$21 B,down arrow,90.0,United States,Estee Lauder,Fashion & Retail,21.0
77,Takemitsu Takizaki,$21 B,down arrow,77.0,Japan,Sensors,Manufacturing,21.0
79,Alexey Mordashov & family,$20.9 B,up arrow,57.0,Russia,"Steel, investments",Metals & Mining,20.9
80,Vagit Alekperov,$20.5 B,up arrow,72.0,Russia,Oil,Energy,20.5
81,"Thomas Frist, Jr. & family",$20.2 B,down arrow,84.0,United States,Hospitals,Healthcare,20.2
82,Andrew Forrest & family,$19.6 B,up arrow,61.0,Australia,Mining,Metals & Mining,19.6
83,Ray Dalio,$19.1 B,down arrow,73.0,United States,Hedge funds,Finance & Investments,19.1
84,Eric Li,$19 B,down arrow,59.0,China,Automobiles,Automotive,19.0
84,Wang Wenyin,$19 B,up arrow,55.0,China,"Mining, copper products",Metals & Mining,19.0
86,Eyal Ofer,$18.9 B,up arrow,72.0,Israel,"Real estate, shipping",Diversified,18.9
86,Qin Yinglin,$18.9 B,down arrow,57.0,China,Pig breeding,Food & Beverage,18.9
88,Wang Chuanfu,$18.7 B,down arrow,57.0,China,"Batteries, automobiles",Automotive,18.7
89,Harold Hamm & family,$18.5 B,up arrow,77.0,United States,Oil & gas,Energy,18.5
89,David Tepper,$18.5 B,up arrow,65.0,United States,Hedge funds,Finance & Investments,18.5
89,Gennady Timchenko,$18.5 B,up arrow,70.0,Russia,"Oil, gas",Energy,18.5
92,Daniel Gilbert,$18 B,down arrow,61.0,United States,Quicken Loans,Finance & Investments,18.0
93,Lakshmi Mittal,$17.7 B,down arrow,72.0,India,Steel,Metals & Mining,17.7
94,Steve Cohen,$17.5 B,up arrow,66.0,United States,Hedge funds,Finance & Investments,17.5
94,Carl Icahn,$17.5 B,up arrow,87.0,United States,Investments,Finance & Investments,17.5
94,Savitri Jindal & family,$17.5 B,down arrow,73.0,India,Steel,Metals & Mining,17.5
97,Donald Bren,$17.4 B,up arrow,90.0,United States,Real estate,Real Estate,17.4
97,"John Menard, Jr.",$17.4 B,up arrow,83.0,United States,Home improvement stores,Fashion & Retail,17.4
99,Rupert Murdoch & family,$17.1 B,down arrow,92.0,United States,"Newspapers, TV network",Media & Entertainment,17.1
100,Vicky Safra & family,$16.7 B,up arrow,70.0,Brazil,Banking,Finance & Investments,16.7
101,"Theo Albrecht, Jr. & family",$16.5 B,down arrow,72.0,Germany,"Aldi, Trader Joe's",Fashion & Retail,16.5
101,Renata Kellnerova & family,$16.5 B,down arrow,55.0,Czech Republic,"Finance, telecommunications",Finance & Investments,16.5
103,Li Xiting,$16.3 B,down arrow,72.0,Singapore,medical devices,Healthcare,16.3
104,Stefan Persson,$16.2 B,down arrow,75.0,Sweden,H&M,Fashion & Retail,16.2
104,Eric Schmidt,$16.2 B,down arrow,67.0,United States,Google,Technology,16.2
106,Michael Platt,$16 B,up arrow,55.0,United Kingdom,Hedge funds,Finance & Investments,16.0
107,Pang Kang,$15.9 B,down arrow,67.0,China,Soy sauce,Food & Beverage,15.9
108,Karl Albrecht Jr. & family,$15.8 B,,,Germany,Supermarkets,Fashion & Retail,15.8
108,Beate Heister,$15.8 B,,,Germany,Supermarkets,Fashion & Retail,15.8
108,Jorge Paulo Lemann & family,$15.8 B,up arrow,83.0,Brazil,Beer,Food & Beverage,15.8
108,Peter Woo,$15.8 B,down arrow,76.0,Hong Kong,Real estate,Real Estate,15.8
112,Dilip Shanghvi,$15.6 B,unchanged,67.0,India,Pharmaceuticals,Healthcare,15.6
113,Robert Pera,$15.5 B,up arrow,45.0,United States,Wireless networking,Technology,15.5
114,Radhakishan Damani,$15.3 B,down arrow,68.0,India,"Retail, investments",Fashion & Retail,15.3
115,Huang Shilin,$15.2 B,down arrow,56.0,China,Batteries,Automotive,15.2
116,Dhanin Chearavanont,$14.9 B,up arrow,83.0,Thailand,Diversified,Diversified,14.9
116,David Green & family,$14.9 B,up arrow,81.0,United States,Retail,Fashion & Retail,14.9
118,Charoen Sirivadhanabhakdi,$14.8 B,up arrow,78.0,Thailand,"Alcohol, real estate",Food & Beverage,14.8
119,Charlene de Carvalho-Heineken & family,$14.7 B,down arrow,68.0,Netherlands,Heineken,Food & Beverage,14.7
120,Xu Hang,$14.6 B,down arrow,60.0,Hong Kong,Medical devices,Healthcare,14.6
121,Wei Jianjun & family,$14.5 B,down arrow,59.0,China,Automobiles,Automotive,14.5
122,Alisher Usmanov,$14.4 B,up arrow,69.0,Russia,"Steel, telecom, investments",Metals & Mining,14.4
123,Goh Cheng Liang,$14.3 B,up arrow,95.0,Singapore,Paints,Manufacturing,14.3
124,Kumar Birla,$14.2 B,down arrow,55.0,India,Commodities,Diversified,14.2
124,Aliko Dangote,$14.2 B,up arrow,65.0,Nigeria,"Cement, sugar",Manufacturing,14.2
126,Kwong Siu-hing,$14.1 B,up arrow,93.0,Hong Kong,Real estate,Real Estate,14.1
127,Idan Ofer,$14 B,up arrow,67.0,Israel,Shipping,Diversified,14.0
128,Chen Bang,$13.9 B,up arrow,57.0,China,Hospitals,Healthcare,13.9
128,Lui Che Woo,$13.9 B,up arrow,94.0,Hong Kong,Casinos/hotels,Gambling & Casinos,13.9
130,John Fredriksen,$13.7 B,up arrow,78.0,Cyprus,Shipping,Logistics,13.7
130,Diane Hendricks,$13.7 B,up arrow,76.0,United States,Building supplies,Construction & Engineering,13.7
130,Jan Koum,$13.7 B,up arrow,47.0,United States,WhatsApp,Technology,13.7
133,Jerry Jones,$13.3 B,up arrow,80.0,United States,Dallas Cowboys,Sports,13.3
133,George Kaiser,$13.3 B,up arrow,80.0,United States,"Oil & gas, banking",Energy,13.3
133,Joseph Lau,$13.3 B,down arrow,71.0,Hong Kong,Real estate,Real Estate,13.3
136,Lu Xiangyang,$13.2 B,down arrow,60.0,China,"Automobiles, batteries",Automotive,13.2
137,Harry Triguboff,$13.1 B,up arrow,90.0,Australia,Real estate,Real Estate,13.1
138,Uday Kotak,$12.9 B,down arrow,64.0,India,Banking,Finance & Investments,12.9
138,Stanley Kroenke,$12.9 B,up arrow,75.0,United States,"Sports, real estate",Sports,12.9
140,Mikhail Fridman,$12.6 B,up arrow,58.0,Russia,"Oil, banking, telecom",Energy,12.6
141,Sarath Ratanavadi,$12.3 B,up arrow,57.0,Thailand,Energy,Energy,12.3
142,Dang Yanbao,$12.2 B,down arrow,50.0,China,Coal,Metals & Mining,12.2
142,Jiang Rensheng & family,$12.2 B,down arrow,69.0,China,Vaccines,Healthcare,12.2
144,Shahid Khan,$12.1 B,up arrow,72.0,United States,Auto parts,Automotive,12.1
145,Laurene Powell Jobs & family,$12 B,down arrow,59.0,United States,"Apple, Disney",Technology,12.0
146,Robert Kuok,$11.8 B,up arrow,99.0,Malaysia,"Palm oil, shipping, property",Diversified,11.8
147,Stephen Ross,$11.6 B,up arrow,82.0,United States,Real estate,Real Estate,11.6
148,Pavel Durov,$11.5 B,down arrow,38.0,United Arab Emirates,Messaging app,Technology,11.5
148,Andreas Struengmann & family,$11.5 B,down arrow,73.0,Germany,Pharmaceuticals,Healthcare,11.5
148,Thomas Struengmann & family,$11.5 B,down arrow,73.0,Germany,Pharmaceuticals,Healthcare,11.5
151,Liu Hanyuan,$11.4 B,down arrow,59.0,China,Agribusiness,Food & Beverage,11.4
151,Michael Rubin,$11.4 B,up arrow,50.0,United States,Online retail,Fashion & Retail,11.4
153,Israel Englander,$11.3 B,down arrow,74.0,United States,Hedge funds,Finance & Investments,11.3
153,Viatcheslav Kantor,$11.3 B,up arrow,69.0,Russia,"Fertilizer, real estate",Manufacturing,11.3
153,Anthony Pratt,$11.3 B,down arrow,62.0,Australia,Manufacturing,Manufacturing,11.3
153,Mikhail Prokhorov,$11.3 B,up arrow,57.0,Russia,Investments,Finance & Investments,11.3
157,Giorgio Armani,$11.1 B,up arrow,88.0,Italy,Luxury goods,Fashion & Retail,11.1
157,Johann Rupert & family,$11.1 B,up arrow,72.0,South Africa,Luxury goods,Fashion & Retail,11.1
159,Gong Hongjia & family,$11 B,down arrow,58.0,Hong Kong,Video surveillance,Finance & Investments,11.0
159,Zhang Zhidong,$11 B,down arrow,51.0,China,Internet media,Technology,11.0
161,Philip Anschutz,$10.9 B,unchanged,83.0,United States,"Energy, sports, entertainment",Finance & Investments,10.9
161,Judy Love & family,$10.9 B,up arrow,85.0,United States,Gas stations,Fashion & Retail,10.9
161,Ricardo Salinas Pliego & family,$10.9 B,down arrow,67.0,Mexico,"Retail, media",Fashion & Retail,10.9
164,Donald Newhouse,$10.7 B,down arrow,93.0,United States,Media,Media & Entertainment,10.7
165,Robert Kraft,$10.6 B,up arrow,81.0,United States,"Manufacturing, New England Patriots",Sports,10.6
165,Marcel Herrmann Telles & family,$10.6 B,up arrow,73.0,Brazil,Beer,Food & Beverage,10.6
167,Suleiman Kerimov & family,$10.5 B,up arrow,57.0,Russia,Gold,Finance & Investments,10.5
167,Sky Xu,$10.5 B,up arrow,39.0,China,E-commerce,Fashion & Retail,10.5
167,Changpeng Zhao,$10.5 B,down arrow,45.0,Canada,Cryptocurrency exchange,Finance & Investments,10.5
170,Andrew Beal,$10.3 B,up arrow,70.0,United States,"Banks, real estate",Finance & Investments,10.3
171,Mike Cannon-Brookes,$10.2 B,down arrow,43.0,Australia,Software,Technology,10.2
171,Carl Cook,$10.2 B,down arrow,60.0,United States,Medical devices,Healthcare,10.2
171,David Duffield,$10.2 B,down arrow,82.0,United States,Business software,Technology,10.2
171,Jeffery Hildebrand,$10.2 B,up arrow,64.0,United States,Oil,Energy,10.2
171,Viktor Rashnikov,$10.2 B,up arrow,74.0,Russia,Steel,Manufacturing,10.2
171,Eduardo Saverin,$10.2 B,down arrow,41.0,Brazil,Facebook,Technology,10.2
171,Georg Schaeffler,$10.2 B,up arrow,58.0,Germany,Auto parts,Automotive,10.2
171,Christy Walton,$10.2 B,up arrow,74.0,United States,Walmart,Fashion & Retail,10.2
179,Scott Farquhar,$10.1 B,down arrow,43.0,Australia,Software,Technology,10.1
179,Quek Leng Chan,$10.1 B,down arrow,81.0,Malaysia,"Banking, property",Diversified,10.1
179,Wu Yajun,$10.1 B,down arrow,59.0,China,Real estate,Real Estate,10.1
182,Autry Stephens,$10 B,up arrow,85.0,United States,Oil,Energy,10.0
183,Liu Yongxing,$9.9 B,down arrow,74.0,China,Diversified,Service,9.9
184,Vinod Adani,$9.8 B,,74.0,Cyprus,"Infrastructure, commodities",Diversified,9.8
184,Nicolas Puech,$9.8 B,up arrow,80.0,France,Hermes,Fashion & Retail,9.8
184,"Jacques Saadé, Jr.",$9.8 B,,51.0,France,Shipping,Logistics,9.8
184,Rodolphe Saadé,$9.8 B,,53.0,France,Shipping,Logistics,9.8
184,Tanya Saadé Zeenny,$9.8 B,,55.0,France,Shipping,Logistics,9.8
184,Melker Schorling & family,$9.8 B,down arrow,75.0,Sweden,Investments,Finance & Investments,9.8
190,Andrei Guryev & family,$9.7 B,up arrow,63.0,Russia,Fertilizers,Manufacturing,9.7
190,Michael Kim,$9.7 B,up arrow,59.0,United States,Private equity,Finance & Investments,9.7
190,Lei Jun,$9.7 B,down arrow,53.0,China,Smartphones,Technology,9.7
190,Friedhelm Loh,$9.7 B,up arrow,76.0,Germany,Manufacturing,Manufacturing,9.7
190,Sun Piaoyang,$9.7 B,down arrow,64.0,China,Pharmaceuticals,Healthcare,9.7
195,Rick Cohen & family,$9.6 B,new to list,70.0,United States,Warehouse automation,Technology,9.6
195,Jin Baofang,$9.6 B,down arrow,70.0,China,Solar panels,Energy,9.6
195,Luo Liguo & family,$9.6 B,down arrow,67.0,China,Chemicals,Manufacturing,9.6
195,Marijke Mars,$9.6 B,up arrow,58.0,United States,"Candy, pet food",Food & Beverage,9.6
195,Pamela Mars,$9.6 B,up arrow,62.0,United States,"Candy, pet food",Food & Beverage,9.6
195,Valerie Mars,$9.6 B,up arrow,64.0,United States,"Candy, pet food",Food & Beverage,9.6
195,Victoria Mars,$9.6 B,up arrow,66.0,United States,"Candy, pet food",Food & Beverage,9.6
202,Vincent Bolloré & family,$9.5 B,up arrow,71.0,France,Investments,Finance & Investments,9.5
202,Jim Pattison,$9.5 B,down arrow,94.0,Canada,Diversified,Diversified,9.5
204,Ernesto Bertarelli,$9.4 B,up arrow,57.0,Switzerland,"Biotech, investments",Healthcare,9.4
204,Wang Xing,$9.4 B,down arrow,44.0,China,Food delivery,Technology,9.4
206,Brian Chesky,$9.3 B,down arrow,41.0,United States,Airbnb,Technology,9.3
206,James Dyson,$9.3 B,up arrow,75.0,United Kingdom,Vacuums,Manufacturing,9.3
208,Roman Abramovich & family,$9.2 B,up arrow,56.0,Russia,"Steel, investments",Diversified,9.2
208,Antonia Ax:son Johnson & family,$9.2 B,up arrow,79.0,Sweden,Diversified,Diversified,9.2
208,Daniel Kretinsky,$9.2 B,up arrow,47.0,Czech Republic,"Energy, investments",Energy,9.2
208,John Malone,$9.2 B,up arrow,82.0,United States,Cable television,Media & Entertainment,9.2
208,Azim Premji,$9.2 B,down arrow,77.0,India,Software services,Technology,9.2
208,Charles Schwab,$9.2 B,down arrow,85.0,United States,Discount brokerage,Finance & Investments,9.2
208,Eric Smidt,$9.2 B,up arrow,63.0,United States,Hardware stores,Fashion & Retail,9.2
215,David Cheriton,$9 B,down arrow,72.0,Canada,Google,Technology,9.0
215,Ivan Glasenberg,$9 B,down arrow,66.0,Switzerland,Mining,Metals & Mining,9.0
215,Alexander Otto,$9 B,down arrow,55.0,Germany,Real estate,Real Estate,9.0
215,Anthony von Mandl,$9 B,up arrow,73.0,Canada,Alcoholic beverages,Food & Beverage,9.0
215,Wang Liping & family,$9 B,up arrow,57.0,China,Hydraulic machinery,Manufacturing,9.0
220,Finn Rausing,$8.9 B,down arrow,68.0,Sweden,Packaging,Food & Beverage,8.9
220,Jorn Rausing,$8.9 B,down arrow,63.0,Sweden,Packaging,Food & Beverage,8.9
220,Kirsten Rausing,$8.9 B,down arrow,70.0,Sweden,Packaging,Food & Beverage,8.9
223,Tatyana Bakalchuk,$8.8 B,up arrow,47.0,Russia,Ecommerce,Fashion & Retail,8.8
223,John Doerr,$8.8 B,down arrow,71.0,United States,Venture capital,Technology,8.8
223,Richard Liu,$8.8 B,down arrow,49.0,China,E-commerce,Technology,8.8
223,Dustin Moskovitz,$8.8 B,down arrow,38.0,United States,Facebook,Technology,8.8
223,Pierre Omidyar,$8.8 B,down arrow,55.0,United States,"EBay, PayPal",Technology,8.8
223,Pei Zhenhua,$8.8 B,down arrow,64.0,China,Batteries,Energy,8.8
223,Carrie Perrodo & family,$8.8 B,up arrow,72.0,France,Oil,Energy,8.8
230,Chen Jianhua,$8.7 B,up arrow,52.0,China,Chemicals,Manufacturing,8.7
230,Michael Otto,$8.7 B,down arrow,79.0,Germany,"Retail, real estate",Fashion & Retail,8.7
232,Leon Black,$8.6 B,down arrow,71.0,United States,Private equity,Finance & Investments,8.6
232,Graeme Hart,$8.6 B,down arrow,67.0,New Zealand,Investments,Finance & Investments,8.6
232,Ravi Jaipuria,$8.6 B,up arrow,68.0,India,"Soft drinks, fast food",Food & Beverage,8.6
232,Hasso Plattner & family,$8.6 B,up arrow,79.0,Germany,Software,Technology,8.6
232,Carlos Alberto Sicupira & family,$8.6 B,up arrow,75.0,Brazil,Beer,Food & Beverage,8.6
232,Manuel Villar,$8.6 B,up arrow,73.0,Philippines,Real estate,Real Estate,8.6
232,Andreas von Bechtolsheim & family,$8.6 B,down arrow,67.0,Germany,Google,Technology,8.6
239,"Chase Coleman, III.",$8.5 B,down arrow,47.0,United States,Investments,Finance & Investments,8.5
239,Ann Walton Kroenke,$8.5 B,down arrow,74.0,United States,Walmart,Fashion & Retail,8.5
239,Li Zhenguo & family,$8.5 B,down arrow,55.0,China,Solar wafers and modules,Manufacturing,8.5
242,Jim Kennedy,$8.4 B,up arrow,75.0,United States,"Media, automotive",Media & Entertainment,8.4
242,Nicky Oppenheimer & family,$8.4 B,down arrow,77.0,South Africa,Diamonds,Metals & Mining,8.4
242,Blair Parry-Okeden,$8.4 B,up arrow,72.0,United States,"Media, automotive",Media & Entertainment,8.4
242,Zheng Shuliang & family,$8.4 B,down arrow,77.0,China,Aluminum products,Metals & Mining,8.4
246,John Morris,$8.3 B,up arrow,75.0,United States,Sporting goods retail,Fashion & Retail,8.3
246,Stefano Pessina,$8.3 B,down arrow,81.0,Monaco,Drugstores,Fashion & Retail,8.3
246,Francine von Finck & family,$8.3 B,down arrow,,Germany,Investments,Finance & Investments,8.3
249,Francis Choi,$8.2 B,up arrow,75.0,Hong Kong,Real estate,Real Estate,8.2
249,German Khan,$8.2 B,up arrow,61.0,Russia,"Oil, banking, telecom",Energy,8.2
249,Abdulsamad Rabiu,$8.2 B,up arrow,62.0,Nigeria,"Cement, sugar",Diversified,8.2
249,George Roberts,$8.2 B,up arrow,79.0,United States,Private equity,Finance & Investments,8.2
249,Kushal Pal Singh,$8.2 B,down arrow,91.0,India,Real estate,Real Estate,8.2
249,Wang Jianlin,$8.2 B,down arrow,68.0,China,Real estate,Real Estate,8.2
249,Yang Huiyan & family,$8.2 B,down arrow,41.0,China,Real estate,Real Estate,8.2
256,Laurent Dassault,$8.1 B,down arrow,69.0,France,Diversified,Diversified,8.1
256,Thierry Dassault,$8.1 B,down arrow,66.0,France,Diversified,Diversified,8.1
256,Tilman Fertitta,$8.1 B,up arrow,65.0,United States,"Houston Rockets, entertainment",Food & Beverage,8.1
256,Marie-Hélène Habert-Dassault,$8.1 B,down arrow,58.0,France,Diversified,Diversified,8.1
256,Karel Komarek,$8.1 B,up arrow,54.0,Czech Republic,"Oil and gas, IT, lotteries",Gambling & Casinos,8.1
261,Nathan Blecharczyk,$8 B,down arrow,39.0,United States,Airbnb,Technology,8.0
261,Leonid Fedun,$8 B,up arrow,66.0,Russia,Oil,Energy,8.0
261,Bernard Marcus,$8 B,down arrow,93.0,United States,Home Depot,Fashion & Retail,8.0
261,Patrick Ryan,$8 B,unchanged,85.0,United States,Insurance,Finance & Investments,8.0
261,Robert F. Smith,$8 B,up arrow,60.0,United States,Private equity,Finance & Investments,8.0
261,Pavel Tykac,$8 B,up arrow,58.0,Czech Republic,Coal mines,Metals & Mining,8.0
261,Eric Wittouck,$8 B,down arrow,76.0,Belgium,Investments,Finance & Investments,8.0
268,Orlando Bravo,$7.9 B,up arrow,52.0,United States,Private equity,Finance & Investments,7.9
268,Ding Shizhong,$7.9 B,up arrow,52.0,China,Sports apparel,Fashion & Retail,7.9
268,Nancy Walton Laurie,$7.9 B,down arrow,71.0,United States,Walmart,Fashion & Retail,7.9
268,Jay Y. Lee,$7.9 B,down arrow,54.0,South Korea,Samsung,Technology,7.9
268,Ramzi Musallam,$7.9 B,up arrow,54.0,United States,Private equity,Finance & Investments,7.9
268,David Shaw,$7.9 B,up arrow,72.0,United States,Hedge funds,Finance & Investments,7.9
268,Andrei Skoch & family,$7.9 B,up arrow,57.0,Russia,Metals and mining,Metals & Mining,7.9
268,Georg Stumpf,$7.9 B,unchanged,50.0,Austria,"Real estate, construction",Diversified,7.9
276,Rocco Commisso,$7.8 B,up arrow,73.0,United States,Telecom,Telecom,7.8
276,Li Shuirong & family,$7.8 B,down arrow,66.0,China,Petrochemicals,Manufacturing,7.8
276,Lin Shu-hong,$7.8 B,up arrow,94.0,Taiwan,Petrochemicals,Manufacturing,7.8
276,Qi Shi & family,$7.8 B,down arrow,53.0,China,Financial information,Technology,7.8
276,Yao Liangsong,$7.8 B,down arrow,58.0,China,Furniture,Manufacturing,7.8
276,Zhang Congyuan,$7.8 B,down arrow,75.0,Taiwan,Shoes,Fashion & Retail,7.8
282,Jean-Michel Besnier,$7.7 B,down arrow,55.0,France,Cheese,Food & Beverage,7.7
282,Marie Besnier Beauvalot,$7.7 B,down arrow,42.0,France,Cheese,Food & Beverage,7.7
282,David Geffen,$7.7 B,down arrow,80.0,United States,"Movies, record labels",Media & Entertainment,7.7
282,Robin Li,$7.7 B,up arrow,54.0,China,Internet search,Technology,7.7
282,Liu Yonghao & family,$7.7 B,down arrow,71.0,China,Agribusiness,Service,7.7
282,Henry Samueli,$7.7 B,up arrow,68.0,United States,Semiconductors,Technology,7.7
282,Reinhold Schmieding,$7.7 B,up arrow,68.0,United States,Medical devices,Healthcare,7.7
282,Ivar Tollefsen,$7.7 B,up arrow,61.0,Norway,Real estate,Real Estate,7.7
290,Cao Renxian,$7.6 B,down arrow,54.0,China,Photovoltaic equipment,Energy,7.6
290,Hasmukh Chudgar & family,$7.6 B,up arrow,89.0,India,Pharmaceuticals,Healthcare,7.6
290,Andrew Currie,$7.6 B,up arrow,67.0,United Kingdom,Chemicals,Manufacturing,7.6
290,Joe Gebbia,$7.6 B,down arrow,41.0,United States,Airbnb,Technology,7.6
290,Philip Ng,$7.6 B,,64.0,Singapore,Real Estate,Real Estate,7.6
290,John Reece,$7.6 B,up arrow,66.0,United Kingdom,Chemicals,Manufacturing,7.6
290,Leonard Stern,$7.6 B,up arrow,85.0,United States,Real estate,Real Estate,7.6
290,Joseph Tsai,$7.6 B,down arrow,59.0,Canada,E-commerce,Technology,7.6
290,Zhong Huijuan,$7.6 B,down arrow,62.0,China,Pharmaceuticals,Healthcare,7.6
299,Arthur Blank,$7.5 B,up arrow,80.0,United States,Home Depot,Sports,7.5
299,Charles Butt,$7.5 B,list returnee,85.0,United States,Supermarkets,Fashion & Retail,7.5
299,Ding Shijia,$7.5 B,down arrow,59.0,China,Sports apparel,Fashion & Retail,7.5
299,"Paul Tudor Jones, II.",$7.5 B,up arrow,68.0,United States,Hedge funds,Finance & Investments,7.5
299,Henry Kravis,$7.5 B,down arrow,79.0,United States,Private equity,Finance & Investments,7.5
299,Zhang Yong,$7.5 B,up arrow,52.0,Singapore,Restaurants,Food & Beverage,7.5
305,James Goodnight,$7.4 B,up arrow,80.0,United States,Software,Technology,7.4
305,Sri Prakash Lohia,$7.4 B,up arrow,70.0,Indonesia,Petrochemicals,Manufacturing,7.4
305,Ma Jianrong,$7.4 B,down arrow,59.0,China,"Textiles, apparel",Fashion & Retail,7.4
305,Robert Ng,$7.4 B,,71.0,Singapore,Real estate,Real Estate,7.4
305,Steven Rales,$7.4 B,down arrow,72.0,United States,"Manufacturing, investments",Manufacturing,7.4
305,Nassef Sawiris,$7.4 B,down arrow,62.0,Egypt,"Construction, investments",Construction & Engineering,7.4
305,Harry Stine,$7.4 B,up arrow,81.0,United States,Agriculture,Food & Beverage,7.4
312,Benu Gopal Bangur,$7.3 B,up arrow,91.0,India,Cement,Manufacturing,7.3
312,Iskander Makhmudov,$7.3 B,up arrow,59.0,Russia,"Mining, metals, machinery",Metals & Mining,7.3
312,Anders Holch Povlsen,$7.3 B,down arrow,50.0,Denmark,Fashion retail,Fashion & Retail,7.3
312,Enrique Razon Jr.,$7.3 B,up arrow,63.0,Philippines,Ports,Logistics,7.3
312,Wang Laichun,$7.3 B,down arrow,55.0,Hong Kong,Electronics components,Technology,7.3
317,Arthur Dantchik,$7.2 B,new to list,65.0,United States,"Trading, investments",Finance & Investments,7.2
317,Terry Gou,$7.2 B,up arrow,72.0,Taiwan,Electronics,Technology,7.2
317,Jeff Greene,$7.2 B,up arrow,68.0,United States,"Real estate, investments",Real Estate,7.2
317,Don Hankey,$7.2 B,up arrow,79.0,United States,Auto loans,Finance & Investments,7.2
317,Richard Kinder,$7.2 B,down arrow,78.0,United States,Pipelines,Energy,7.2
317,Guillaume Pousaz,$7.2 B,down arrow,41.0,Switzerland,Fintech,Finance & Investments,7.2
317,Takahisa Takahara,$7.2 B,up arrow,61.0,Japan,Personal care goods,Fashion & Retail,7.2
317,Zong Qinghou,$7.2 B,down arrow,77.0,China,Beverages,Food & Beverage,7.2
325,Judy Faulkner,$7.1 B,up arrow,79.0,United States,Healthcare software,Technology,7.1
325,Johann Graf,$7.1 B,up arrow,76.0,Austria,Gambling,Gambling & Casinos,7.1
325,Tamara Gustavson,$7.1 B,down arrow,61.0,United States,Self storage,Service,7.1
325,Liang Wengen,$7.1 B,down arrow,66.0,China,Construction equipment,Manufacturing,7.1
325,Frederik Paulsen,$7.1 B,down arrow,72.0,Sweden,Health care,Healthcare,7.1
325,Wee Cho Yaw,$7.1 B,down arrow,94.0,Singapore,Banking,Finance & Investments,7.1
325,Zhang Hejun,$7.1 B,up arrow,71.0,China,Electronics,Manufacturing,7.1
332,Marc Benioff,$7 B,down arrow,58.0,United States,Business software,Technology,7.0
332,Dmitri Bukhman,$7 B,down arrow,37.0,Israel,Online games,Media & Entertainment,7.0
332,Igor Bukhman,$7 B,down arrow,41.0,Israel,Online games,Media & Entertainment,7.0
332,Jack Dangermond,$7 B,up arrow,77.0,United States,Mapping software,Technology,7.0
332,Ashwin Dani & family,$7 B,down arrow,80.0,India,Paints,Manufacturing,7.0
332,Ralph Lauren,$7 B,up arrow,83.0,United States,Apparel,Fashion & Retail,7.0
332,Law Kar Po,$7 B,up arrow,74.0,Hong Kong,Real estate,Real Estate,7.0
332,Rohiqa Cyrus Mistry,$7 B,new to list,55.0,India,Diversified,Diversified,7.0
332,Shapoor Mistry,$7 B,new to list,58.0,Ireland,Diversified,Diversified,7.0
332,J. Christopher Reyes,$7 B,down arrow,69.0,United States,Food distribution,Food & Beverage,7.0
332,Jude Reyes,$7 B,down arrow,67.0,United States,Food distribution,Food & Beverage,7.0
332,Don Vultaggio & family,$7 B,up arrow,71.0,United States,Beverages,Food & Beverage,7.0
344,Alejandro Bailleres Gual & family,$6.9 B,up arrow,62.0,Mexico,Diversified,Diversified,6.9
344,Edythe Broad & family,$6.9 B,unchanged,87.0,United States,"Homebuilding, insurance",Diversified,6.9
344,Pauline MacMillan Keinath,$6.9 B,down arrow,89.0,United States,Cargill,Food & Beverage,6.9
344,Philippe Laffont,$6.9 B,up arrow,55.0,United States,Hedge fund,Finance & Investments,6.9
344,Liu Jincheng & family,$6.9 B,down arrow,58.0,China,Lithium batteries,Manufacturing,6.9
344,Igor Olenicoff,$6.9 B,up arrow,80.0,United States,Real estate,Real Estate,6.9
344,Sandra Ortega Mera,$6.9 B,up arrow,54.0,Spain,Zara,Fashion & Retail,6.9
344,Ronda Stryker,$6.9 B,up arrow,68.0,United States,Medical equipment,Healthcare,6.9
352,Dannine Avara,$6.8 B,up arrow,59.0,United States,Pipelines,Energy,6.8
352,Silvio Berlusconi & family,$6.8 B,down arrow,86.0,Italy,Media,Diversified,6.8
352,Denise Coates,$6.8 B,up arrow,55.0,United Kingdom,Online gambling,Gambling & Casinos,6.8
352,Scott Duncan,$6.8 B,up arrow,40.0,United States,Pipelines,Energy,6.8
352,Milane Frantz,$6.8 B,up arrow,53.0,United States,Pipelines,Energy,6.8
352,"Edward Johnson, IV.",$6.8 B,up arrow,58.0,United States,Fidelity,Finance & Investments,6.8
352,Yuri Milner,$6.8 B,down arrow,61.0,Israel,Tech investments,Finance & Investments,6.8
352,Gordon Moore,$6.8 B,down arrow,94.0,United States,Intel,Technology,6.8
352,John Overdeck,$6.8 B,up arrow,53.0,United States,Hedge funds,Finance & Investments,6.8
352,David Siegel,$6.8 B,up arrow,61.0,United States,Hedge funds,Finance & Investments,6.8
352,Viktor Vekselberg,$6.8 B,up arrow,65.0,Russia,"Metals, investments",Diversified,6.8
352,Wang Laisheng,$6.8 B,down arrow,58.0,Hong Kong,Electronics components,Technology,6.8
352,Randa Duncan Williams,$6.8 B,up arrow,61.0,United States,Pipelines,Energy,6.8
365,Ken Fisher,$6.7 B,up arrow,72.0,United States,Money management,Finance & Investments,6.7
365,Christopher Hohn,$6.7 B,down arrow,56.0,United Kingdom,Hedge funds,Finance & Investments,6.7
365,Kjeld Kirk Kristiansen,$6.7 B,down arrow,75.0,Denmark,Lego,Manufacturing,6.7
365,Sofie Kirk Kristiansen,$6.7 B,down arrow,47.0,Denmark,Lego,Manufacturing,6.7
365,Thomas Kirk Kristiansen,$6.7 B,down arrow,44.0,Denmark,Lego,Manufacturing,6.7
365,Massimiliana Landini Aleotti & family,$6.7 B,up arrow,80.0,Italy,Pharmaceuticals,Healthcare,6.7
365,Li Ping,$6.7 B,down arrow,55.0,Hong Kong,Batteries,Automotive,6.7
365,Lin Jianhua,$6.7 B,,60.0,China,Solar panel components,Manufacturing,6.7
365,Magdalena Martullo-Blocher,$6.7 B,down arrow,54.0,Switzerland,Chemicals,Manufacturing,6.7
365,Xavier Niel,$6.7 B,down arrow,55.0,France,"Internet, telecom",Telecom,6.7
365,Terrence Pegula,$6.7 B,up arrow,72.0,United States,Natural gas,Energy,6.7
365,"Edward Roski, Jr.",$6.7 B,up arrow,84.0,United States,Real estate,Real Estate,6.7
365,John A. Sobrato & family,$6.7 B,up arrow,83.0,United States,Real estate,Real Estate,6.7
365,George Soros,$6.7 B,down arrow,92.0,United States,Hedge funds,Finance & Investments,6.7
365,David Sun,$6.7 B,up arrow,71.0,United States,Computer hardware,Technology,6.7
365,Agnete Kirk Thinggaard,$6.7 B,down arrow,39.0,Denmark,Lego,Manufacturing,6.7
365,John Tu,$6.7 B,up arrow,81.0,United States,Computer hardware,Technology,6.7
365,Xu Shihui,$6.7 B,down arrow,65.0,China,"Snacks, beverages",Food & Beverage,6.7
383,Rahel Blocher,$6.6 B,down arrow,47.0,Switzerland,Chemicals,Manufacturing,6.6
383,Bubba Cathy,$6.6 B,up arrow,68.0,United States,Chick-fil-A,Food & Beverage,6.6
383,Dan Cathy,$6.6 B,up arrow,70.0,United States,Chick-fil-A,Food & Beverage,6.6
383,Trudy Cathy White,$6.6 B,up arrow,67.0,United States,Chick-fil-A,Food & Beverage,6.6
383,Bruce Kovner,$6.6 B,up arrow,78.0,United States,Hedge funds,Finance & Investments,6.6
383,"Henry Nicholas, III.",$6.6 B,up arrow,63.0,United States,Semiconductors,Technology,6.6
383,Nadia Thiele,$6.6 B,up arrow,47.0,Germany,Investments,Finance & Investments,6.6
390,David Bonderman,$6.5 B,up arrow,80.0,United States,Private equity,Finance & Investments,6.5
390,Melinda French Gates,$6.5 B,up arrow,58.0,United States,Microsoft,Technology,6.5
390,Nathan Kirsh,$6.5 B,up arrow,91.0,Eswatini (Swaziland),"Retail, real estate",Fashion & Retail,6.5
390,Annette Lerner & family,$6.5 B,new to list,93.0,United States,Real estate,Real Estate,6.5
390,David Reuben,$6.5 B,down arrow,84.0,United Kingdom,"Investments, real estate",Real Estate,6.5
390,Simon Reuben,$6.5 B,down arrow,81.0,United Kingdom,"Real estate, investments",Diversified,6.5
390,Radovan Vitek,$6.5 B,up arrow,51.0,Czech Republic,Real estate,Real Estate,6.5
397,Carl Bennet,$6.4 B,down arrow,71.0,Sweden,Investments,Finance & Investments,6.4
397,Stephen Bisciotti,$6.4 B,up arrow,62.0,United States,"Staffing, Baltimore Ravens",Sports,6.4
397,Stanley Druckenmiller,$6.4 B,down arrow,69.0,United States,Hedge funds,Finance & Investments,6.4
397,Jian Jun,$6.4 B,up arrow,59.0,China,Biomedical products,Healthcare,6.4
397,Alexei Kuzmichev,$6.4 B,up arrow,60.0,Russia,"Oil, banking, telecom",Energy,6.4
397,Dmitry Rybolovlev & family,$6.4 B,down arrow,56.0,Russia,Fertilizer,Manufacturing,6.4
397,Luis Carlos Sarmiento,$6.4 B,down arrow,90.0,Colombia,Banking,Finance & Investments,6.4
397,Dennis Washington,$6.4 B,down arrow,88.0,United States,"Construction, mining",Logistics,6.4
405,Anthony Bamford & family,$6.3 B,up arrow,77.0,United Kingdom,Construction equipment,Construction & Engineering,6.3
405,Gao Jifan & family,$6.3 B,down arrow,58.0,China,Solar equipment,Energy,6.3
405,John Grayken,$6.3 B,down arrow,66.0,Ireland,Private equity,Finance & Investments,6.3
405,Alain Merieux & family,$6.3 B,down arrow,85.0,France,Pharmaceuticals,Healthcare,6.3
405,Wang Yusuo & family,$6.3 B,up arrow,59.0,China,Natural gas distribution,Energy,6.3
405,Stef Wertheimer & family,$6.3 B,up arrow,96.0,Israel,Metalworking tools,Manufacturing,6.3
411,Maria Asuncion Aramburuzabala & family,$6.2 B,unchanged,59.0,Mexico,"Beer, investments",Food & Beverage,6.2
411,Gustaf Douglas,$6.2 B,down arrow,85.0,Sweden,Investments,Diversified,6.2
411,Frits Goldschmeding,$6.2 B,up arrow,89.0,Netherlands,Temp agency,Service,6.2
411,Lin Muqin & family,$6.2 B,up arrow,59.0,China,Beverages,Food & Beverage,6.2
411,Ruan Liping,$6.2 B,up arrow,58.0,Hong Kong,Power strips,Manufacturing,6.2
411,Ruan Xueping,$6.2 B,up arrow,51.0,Hong Kong,Power strip,Manufacturing,6.2
411,Michal Solowow,$6.2 B,unchanged,60.0,Poland,Investments,Finance & Investments,6.2
418,Mike Adenuga,$6.1 B,down arrow,69.0,Nigeria,"Telecom, oil",Diversified,6.1
418,Tom Gores,$6.1 B,up arrow,58.0,United States,Private equity,Finance & Investments,6.1
418,Michael Herz,$6.1 B,up arrow,79.0,Germany,Coffee,Fashion & Retail,6.1
418,Wolfgang Herz,$6.1 B,up arrow,72.0,Germany,Coffee,Fashion & Retail,6.1
418,Michael Kadoorie,$6.1 B,down arrow,81.0,Hong Kong,"Hotels, energy",Energy,6.1
418,Sunil Mittal,$6.1 B,,65.0,India,Telecom,Telecom,6.1
418,Zhou Qunfei,$6.1 B,down arrow,53.0,Hong Kong,Smartphone screens,Technology,6.1
425,Alexander Abramov,$6 B,up arrow,64.0,Russia,"Steel, mining",Metals & Mining,6.0
425,Rene Benko,$6 B,up arrow,46.0,Austria,"Real estate, retail",Real Estate,6.0
425,Neil Bluhm,$6 B,up arrow,85.0,United States,Real estate,Real Estate,6.0
425,Alain Bouchard,$6 B,up arrow,74.0,Canada,Convinience stores,Fashion & Retail,6.0
425,Jay Chaudhry,$6 B,down arrow,63.0,United States,Security software,Technology,6.0
425,Gopikishan Damani,$6 B,down arrow,65.0,India,"Retail, investments",Fashion & Retail,6.0
425,Sumet Jiaravanon,$6 B,up arrow,88.0,Thailand,Diversified,Diversified,6.0
425,Joe Lewis,$6 B,up arrow,86.0,United Kingdom,Investments,Finance & Investments,6.0
425,Frank Lowy,$6 B,down arrow,92.0,Australia,Investments,Finance & Investments,6.0
425,Michael Milken,$6 B,up arrow,76.0,United States,Investments,Finance & Investments,6.0
425,David Steward,$6 B,up arrow,71.0,United States,IT provider,Technology,6.0
425,Les Wexner & family,$6 B,up arrow,85.0,United States,Retail,Fashion & Retail,6.0
437,Cai Kui,$5.9 B,down arrow,60.0,China,Real estate,Real Estate,5.9
437,Jaran Chiaravanont,$5.9 B,up arrow,93.0,Thailand,Diversified,Diversified,5.9
437,Andreas Halvorsen,$5.9 B,down arrow,61.0,Norway,Hedge funds,Finance & Investments,5.9
437,Antony Ressler,$5.9 B,up arrow,62.0,United States,Finance,Finance & Investments,5.9
437,Tsai Eng-meng,$5.9 B,down arrow,66.0,Taiwan,"Food, beverages",Food & Beverage,5.9
442,Josh Harris,$5.8 B,unchanged,58.0,United States,Private equity,Finance & Investments,5.8
442,Niels Peter Louis-Hansen,$5.8 B,down arrow,75.0,Denmark,Medical devices,Healthcare,5.8
442,Patrick Soon-Shiong,$5.8 B,down arrow,70.0,United States,Pharmaceuticals,Healthcare,5.8
445,Rinat Akhmetov,$5.7 B,up arrow,56.0,Ukraine,"Steel, coal",Metals & Mining,5.7
445,John Brown,$5.7 B,up arrow,88.0,United States,Medical equipment,Healthcare,5.7
445,Clive Calder,$5.7 B,unchanged,76.0,United Kingdom,Record label,Media & Entertainment,5.7
445,Arthur Irving,$5.7 B,up arrow,93.0,Canada,Oil,Energy,5.7
445,Fredrik Lundberg,$5.7 B,down arrow,71.0,Sweden,"Real estate, investments",Real Estate,5.7
445,Thomas Schmidheiny,$5.7 B,up arrow,77.0,Switzerland,Cement,Construction & Engineering,5.7
445,Helmut Sohmen,$5.7 B,up arrow,83.0,Austria,Shipping,Logistics,5.7
445,Daniel Ziff,$5.7 B,up arrow,51.0,United States,Investments,Finance & Investments,5.7
445,Dirk Ziff,$5.7 B,up arrow,59.0,United States,Investments,Finance & Investments,5.7
445,Robert Ziff,$5.7 B,up arrow,56.0,United States,Investments,Finance & Investments,5.7
455,Maria Angelicoussis,$5.6 B,new to list,41.0,Greece,Shipping,Logistics,5.6
455,Ray Lee Hunt,$5.6 B,down arrow,79.0,United States,"Oil, real estate",Energy,5.6
455,Lai Meisong,$5.6 B,up arrow,52.0,China,Package delivery,Logistics,5.6
455,Vikram Lal & family,$5.6 B,up arrow,81.0,India,Motorcycles,Automotive,5.6
455,Ken Langone,$5.6 B,down arrow,87.0,United States,Investments,Finance & Investments,5.6
455,Li Ge,$5.6 B,,56.0,United States,Pharmaceutical ingredients,Healthcare,5.6
455,Karen Pritzker,$5.6 B,down arrow,65.0,United States,"Hotels, investments",Finance & Investments,5.6
455,Robert Rowling,$5.6 B,up arrow,69.0,United States,"Hotels, investments",Service,5.6
455,Teddy Sagi,$5.6 B,unchanged,51.0,Israel,Gambling software,Gambling & Casinos,5.6
455,Seo Jung-jin,$5.6 B,down arrow,65.0,South Korea,Biotech,Healthcare,5.6
455,Wu Jianshu,$5.6 B,down arrow,59.0,Hong Kong,Auto parts,Automotive,5.6
466,Micky Arison,$5.5 B,down arrow,73.0,United States,Carnival Cruises,Service,5.5
466,James Chambers,$5.5 B,up arrow,65.0,United States,"Media, automotive",Media & Entertainment,5.5
466,Pierre Chen,$5.5 B,up arrow,66.0,Taiwan,Electronics,Technology,5.5
466,John Collison,$5.5 B,down arrow,32.0,Ireland,Payments software,Technology,5.5
466,Patrick Collison,$5.5 B,down arrow,34.0,Ireland,Payment software,Technology,5.5
466,Archie Aldis Emmerson & family,$5.5 B,up arrow,93.0,United States,"Timberland, lumber mills",Manufacturing,5.5
466,Piero Ferrari,$5.5 B,up arrow,77.0,Italy,Automobiles,Automotive,5.5
466,Dan Friedkin,$5.5 B,up arrow,58.0,United States,Toyota dealerships,Automotive,5.5
466,James Irving,$5.5 B,up arrow,95.0,Canada,Diversified,Diversified,5.5
466,Jiang Weiping & family,$5.5 B,down arrow,68.0,China,Chemicals,Manufacturing,5.5
466,Wolfgang Marguerre & family,$5.5 B,up arrow,81.0,Germany,Pharmaceuticals,Healthcare,5.5
466,Ludwig Merckle,$5.5 B,down arrow,58.0,Germany,Pharmaceuticals,Finance & Investments,5.5
466,Mitchell Rales,$5.5 B,down arrow,66.0,United States,"Manufacturing, investments",Manufacturing,5.5
466,Katharine Rayner,$5.5 B,up arrow,78.0,United States,"Media, automotive",Media & Entertainment,5.5
466,Jean Salata,$5.5 B,up arrow,57.0,Chile,Finance,Finance & Investments,5.5
466,Paul Singer,$5.5 B,up arrow,78.0,United States,Hedge funds,Finance & Investments,5.5
466,Sergio Stevanato & family,$5.5 B,up arrow,80.0,Italy,Medical packaging,Healthcare,5.5
466,Margaretta Taylor,$5.5 B,up arrow,80.0,United States,"Media, automotive",Media & Entertainment,5.5
466,Richard White,$5.5 B,up arrow,68.0,Australia,Software,Technology,5.5
466,Zhao Yan,$5.5 B,down arrow,56.0,China,Biotech,Diversified,5.5
486,Patrizio Bertelli,$5.4 B,up arrow,77.0,Italy,Luxury goods,Fashion & Retail,5.4
486,Mahendra Choksi & family,$5.4 B,down arrow,81.0,India,Paints,Manufacturing,5.4
486,Mat Ishbia,$5.4 B,up arrow,43.0,United States,Mortgage lender,Finance & Investments,5.4
486,Leo Koguan,$5.4 B,down arrow,68.0,United States,IT provider,Technology,5.4
486,Miao Hangen,$5.4 B,down arrow,58.0,China,"Textiles, petrochemicals",Diversified,5.4
486,Michael Pieper,$5.4 B,up arrow,77.0,Switzerland,Kitchen appliances,Manufacturing,5.4
486,Miuccia Prada,$5.4 B,up arrow,73.0,Italy,Luxury goods,Fashion & Retail,5.4
486,Wolfgang Reimann,$5.4 B,down arrow,70.0,Germany,Consumer goods,Fashion & Retail,5.4
486,Matthias Reimann-Andersen,$5.4 B,down arrow,58.0,Germany,Consumer goods,Fashion & Retail,5.4
486,Stefan Reimann-Andersen,$5.4 B,down arrow,59.0,Germany,Consumer goods,Fashion & Retail,5.4
486,Renate Reimann-Haas,$5.4 B,down arrow,71.0,Germany,Consumer goods,Fashion & Retail,5.4
497,Todd Boehly,$5.3 B,up arrow,49.0,United States,Finance,Finance & Investments,5.3
497,Rick Caruso,$5.3 B,up arrow,64.0,United States,Real estate,Real Estate,5.3
497,Ibrahim Erdemoglu,$5.3 B,up arrow,60.0,Turkey,Carpet,Manufacturing,5.3
497,Elizabeth Johnson,$5.3 B,up arrow,59.0,United States,Fidelity,Finance & Investments,5.3
497,Douglas Leone,$5.3 B,down arrow,65.0,United States,Venture capital,Finance & Investments,5.3
497,Prajogo Pangestu,$5.3 B,down arrow,78.0,Indonesia,"Petrochemicals, energy",Diversified,5.3
497,Thomas Pritzker,$5.3 B,up arrow,72.0,United States,"Hotels, investments",Finance & Investments,5.3
497,Lynda Resnick,$5.3 B,,80.0,United States,Agriculture,Food & Beverage,5.3
497,Stewart Resnick,$5.3 B,,86.0,United States,Agriculture,Food & Beverage,5.3
497,Gary Rollins,$5.3 B,unchanged,78.0,United States,Pest control,Service,5.3
497,Mark Walter,$5.3 B,up arrow,62.0,United States,"Finance, asset management",Finance & Investments,5.3
497,Ronald Wanek,$5.3 B,down arrow,81.0,United States,Furniture,Manufacturing,5.3
497,Erich Wesjohann & family,$5.3 B,down arrow,77.0,Germany,Poultry genetics,Food & Beverage,5.3
497,M.A. Yusuff Ali,$5.3 B,down arrow,67.0,India,Retail,Fashion & Retail,5.3
511,Alexandre Behring,$5.2 B,up arrow,56.0,Brazil,Investments,Finance & Investments,5.2
511,Cheng Xue,$5.2 B,down arrow,53.0,China,Soy sauce,Food & Beverage,5.2
511,Robert Faith,$5.2 B,new to list,59.0,United States,Real estate management,Real Estate,5.2
511,Gao Dekang & family,$5.2 B,up arrow,71.0,China,Apparel,Fashion & Retail,5.2
511,Micky Jagtiani,$5.2 B,up arrow,71.0,India,Retail,Fashion & Retail,5.2
511,Ananda Krishnan,$5.2 B,down arrow,85.0,Malaysia,"Telecoms, media, oil-services",Telecom,5.2
511,Barry Lam,$5.2 B,down arrow,73.0,Taiwan,Electronics,Technology,5.2
511,"Robert Rich, Jr.",$5.2 B,up arrow,82.0,United States,Frozen foods,Food & Beverage,5.2
511,Mark Scheinberg,$5.2 B,down arrow,49.0,Canada,Online gambling,Gambling & Casinos,5.2
511,Charles Simonyi,$5.2 B,down arrow,74.0,United States,Microsoft,Technology,5.2
511,Ty Warner,$5.2 B,up arrow,78.0,United States,"Plush toys, real estate",Real Estate,5.2
511,Sam Zell,$5.2 B,down arrow,81.0,United States,"Real estate, private equity",Real Estate,5.2
523,Fang Wei,$5.1 B,up arrow,49.0,China,Steel,Manufacturing,5.1
523,Rekha Jhunjhunwala,$5.1 B,new to list,59.0,India,Investments,Finance & Investments,5.1
523,Charles B. Johnson,$5.1 B,unchanged,90.0,United States,Franklin Templeton,Finance & Investments,5.1
523,Kwon Hyuk-bin,$5.1 B,down arrow,49.0,South Korea,Online games,Media & Entertainment,5.1
523,Sami Mnaymneh,$5.1 B,up arrow,61.0,United States,Private equity,Finance & Investments,5.1
523,Kjell Inge Rokke,$5.1 B,down arrow,64.0,Norway,"Shipping, seafood",Logistics,5.1
523,Tony Tamer,$5.1 B,up arrow,65.0,United States,Private equity,Finance & Investments,5.1
523,Tse Ping & family,$5.1 B,down arrow,71.0,China,Pharmaceuticals,Healthcare,5.1
523,Romesh T. Wadhwani,$5.1 B,up arrow,75.0,United States,Software,Technology,5.1
523,Hansjoerg Wyss,$5.1 B,up arrow,88.0,Switzerland,Medical devices,Healthcare,5.1
523,Denise York & family,$5.1 B,up arrow,72.0,United States,San Francisco 49ers,Sports,5.1
534,Ron Baron,$5 B,up arrow,79.0,United States,Money management,Finance & Investments,5.0
534,Robert Bass,$5 B,down arrow,75.0,United States,"Oil, investments",Energy,5.0
534,Dona Bertarelli,$5 B,up arrow,55.0,Switzerland,Biotech and investments,Healthcare,5.0
534,Alexander Gerko,$5 B,new to list,43.0,United Kingdom,Trading,Finance & Investments,5.0
534,Martin Haefner,$5 B,up arrow,69.0,Switzerland,"Software, investments",Technology,5.0
534,"Robert Hale, Jr.",$5 B,up arrow,56.0,United States,Telecom,Telecom,5.0
534,Viktor Kharitonin,$5 B,up arrow,50.0,Russia,Pharmaceuticals,Healthcare,5.0
534,Kim Beom-su,$5 B,down arrow,57.0,South Korea,Online services,Technology,5.0
534,Jane Lauder,$5 B,down arrow,50.0,United States,Estée Lauder,Fashion & Retail,5.0
534,Michel Leclercq & family,$5 B,up arrow,83.0,France,Sporting goods,Fashion & Retail,5.0
534,George Lucas,$5 B,down arrow,78.0,United States,Star Wars,Media & Entertainment,5.0
534,Janice McNair,$5 B,up arrow,86.0,United States,"Energy, sports",Sports,5.0
534,Ugur Sahin,$5 B,down arrow,57.0,Germany,Biotechnology,Healthcare,5.0
534,Alexandra Schoerghuber & family,$5 B,up arrow,64.0,Germany,Real estate,Real Estate,5.0
534,Thomas Straumann,$5 B,down arrow,59.0,Switzerland,Dental implants,Healthcare,5.0
534,Murat Ulker,$5 B,up arrow,64.0,Turkey,Food,Food & Beverage,5.0
534,Chip Wilson,$5 B,down arrow,66.0,Canada,Lululemon,Fashion & Retail,5.0
534,Zhu Yan & family,$5 B,up arrow,52.0,China,Real estate,Real Estate,5.0
552,Jim Davis & family,$4.9 B,down arrow,79.0,United States,New Balance,Manufacturing,4.9
552,Murali Divi & family,$4.9 B,down arrow,72.0,India,Pharmaceuticals,Healthcare,4.9
552,Dagmar Dolby & family,$4.9 B,up arrow,81.0,United States,Dolby Laboratories,Technology,4.9
552,Marcos Galperin,$4.9 B,up arrow,,Argentina,E-commerce,Technology,4.9
552,Tom Golisano,$4.9 B,down arrow,81.0,United States,Payroll services,Service,4.9
552,Jonathan Gray,$4.9 B,down arrow,53.0,United States,Investments,Finance & Investments,4.9
552,Bidzina Ivanishvili,$4.9 B,up arrow,67.0,Georgia,Investments,Finance & Investments,4.9
552,Lim Hariyanto Wijaya Sarwono,$4.9 B,up arrow,94.0,Indonesia,"Palm oil, nickel mining",Metals & Mining,4.9
552,Rudolf Maag,$4.9 B,down arrow,77.0,Switzerland,Medical devices,Healthcare,4.9
552,Emanuele (Lino) Saputo & family,$4.9 B,up arrow,86.0,Canada,Cheese,Food & Beverage,4.9
552,Mark Shoen,$4.9 B,up arrow,72.0,United States,U-Haul,Automotive,4.9
552,Dan Snyder,$4.9 B,up arrow,58.0,United States,Washington Commanders,Sports,4.9
552,Chairul Tanjung,$4.9 B,down arrow,60.0,Indonesia,Diversified,Diversified,4.9
552,Kelcy Warren,$4.9 B,up arrow,67.0,United States,Pipelines,Energy,4.9
552,Zhang Tao,$4.9 B,down arrow,50.0,China,E-commerce,Fashion & Retail,4.9
567,Michael Ashley,$4.8 B,up arrow,58.0,United Kingdom,Sports retailing,Fashion & Retail,4.8
567,Tomasz Biernacki,$4.8 B,up arrow,50.0,Poland,Supermarkets,Fashion & Retail,4.8
567,Bernard Broermann,$4.8 B,up arrow,79.0,Germany,Hospitals,Healthcare,4.8
567,Jimmy Haslam,$4.8 B,up arrow,69.0,United States,"Gas stations, retail",Fashion & Retail,4.8
567,H. Fisk Johnson,$4.8 B,up arrow,64.0,United States,Cleaning products,Manufacturing,4.8
567,S. Curtis Johnson,$4.8 B,up arrow,67.0,United States,Cleaning products,Manufacturing,4.8
567,Helen Johnson-Leipold,$4.8 B,up arrow,66.0,United States,Cleaning products,Manufacturing,4.8
567,Vinod Khosla,$4.8 B,down arrow,68.0,United States,Venture capital,Technology,4.8
567,Thai Lee,$4.8 B,up arrow,64.0,United States,IT provider,Technology,4.8
567,Winifred J. Marquart,$4.8 B,up arrow,63.0,United States,Cleaning products,Manufacturing,4.8
567,Pankaj Patel,$4.8 B,up arrow,70.0,India,Pharmaceuticals,Healthcare,4.8
567,Horst Julius Pudwill,$4.8 B,down arrow,78.0,Germany,Manufacturing,Manufacturing,4.8
567,Yu Yong,$4.8 B,up arrow,62.0,China,Mining,Finance & Investments,4.8
580,Maria Fernanda Amorim & family,$4.7 B,unchanged,88.0,Portugal,"Energy, investments",Diversified,4.7
580,Gayle Benson,$4.7 B,up arrow,76.0,United States,New Orleans Saints,Sports,4.7
580,Jason Chang,$4.7 B,up arrow,78.0,Singapore,Electronics,Technology,4.7
580,Ali Erdemoglu,$4.7 B,up arrow,63.0,Turkey,Carpet,Manufacturing,4.7
580,Andre Esteves,$4.7 B,down arrow,54.0,Brazil,Banking,Finance & Investments,4.7
580,Carlo Fidani,$4.7 B,up arrow,68.0,Canada,Real estate,Real Estate,4.7
580,Hong Ra-hee,$4.7 B,down arrow,77.0,South Korea,Samsung,Technology,4.7
580,Li Gaiteng,$4.7 B,up arrow,50.0,China,Hair dryers,Manufacturing,4.7
580,Thomas Secunda,$4.7 B,up arrow,68.0,United States,Bloomberg LP,Media & Entertainment,4.7
580,Zuowen Song,$4.7 B,up arrow,76.0,China,"Aluminum, diversified",Diversified,4.7
580,Tim Sweeney,$4.7 B,down arrow,52.0,United States,Video games,Media & Entertainment,4.7
591,Bert Beveridge,$4.6 B,up arrow,61.0,United States,Vodka,Food & Beverage,4.6
591,Mark Cuban,$4.6 B,down arrow,64.0,United States,"Online media, Dallas Mavericks",Media & Entertainment,4.6
591,Charles Dolan & family,$4.6 B,down arrow,96.0,United States,Cable television,Media & Entertainment,4.6
591,Jack Dorsey,$4.6 B,down arrow,46.0,United States,"Twitter, Square",Technology,4.6
591,Fan Hongwei,$4.6 B,down arrow,56.0,China,Petrochemicals,Energy,4.6
591,Vladimir Kim,$4.6 B,down arrow,62.0,Kazakhstan,Mining,Metals & Mining,4.6
591,"Andre Koo, Sr.",$4.6 B,down arrow,55.0,Taiwan,Financial services,Finance & Investments,4.6
591,Ronald Lauder,$4.6 B,down arrow,79.0,United States,Estee Lauder,Fashion & Retail,4.6
591,Li Chunan,$4.6 B,down arrow,54.0,China,Solar wafers and modules,Manufacturing,4.6
591,Forrest Li,$4.6 B,down arrow,45.0,Singapore,Gaming,Media & Entertainment,4.6
